{
    "Ellipse fit error": 1.3494344702709782,
    "OCR numbers mean lack of confidence": 0.002137849728266472,
    "Needle line residual variance": 298.3293788563594,
    "Mean residual on fitted angle line": 1.2475534900919187
}