{
    "Ellipse fit error": 1.2632036967871392,
    "OCR numbers mean lack of confidence": 0.0030559996763865893,
    "Needle line residual variance": 298.3293788563594,
    "Mean residual on fitted angle line": 1.239976413144113
}