{
    "Ellipse fit error": 3.9583887784518375,
    "OCR numbers mean lack of confidence": 0.0028713544209797437,
    "Needle line residual variance": 298.3293788563594,
    "Mean residual on fitted angle line": 1.2545379831602117
}