{
    "Ellipse fit error": 4.293249382590768,
    "OCR numbers mean lack of confidence": 0.03334677964448929,
    "Needle line residual variance": 279.1620583845587,
    "Mean residual on fitted angle line": 1.9338163967623014
}