{
    "Ellipse fit error": 4.0288566529013945,
    "OCR numbers mean lack of confidence": 0.025207549333572388,
    "Needle line residual variance": 279.1620583845587,
    "Mean residual on fitted angle line": 1.9304991431966045
}