{
    "image size": {
        "width": 2475,
        "height": 2475
    },
    "Gauge": {
        "x": 0,
        "y": 0,
        "width": 2463,
        "height": 2416
    },
    "Start Notch": {
        "x": 107.4703196347032,
        "y": 275.0913242009132
    },
    "End Notch": {
        "x": 334.42105263157896,
        "y": 273.7751196172249
    },
    "Keypoint Notch": [
        {
            "x": 335.07308970099666,
            "y": 274.24584717607974
        },
        {
            "x": 112.57142857142857,
            "y": 274.05194805194805
        },
        {
            "x": 355.6666666666667,
            "y": 230.5
        },
        {
            "x": 244.5,
            "y": 104.5
        }
    ],
    "OCR Numbers": "Failed",
    "Needle segmentation mask": "Failed"
}