{
    "image size": {
        "width": 2475,
        "height": 2475
    },
    "Gauge": {
        "x": 0,
        "y": 0,
        "width": 2463,
        "height": 2416
    },
    "Start Notch": {
        "x": 107.32567049808429,
        "y": 275.40996168582376
    },
    "End Notch": {
        "x": 334.7352941176471,
        "y": 274.01680672268907
    },
    "Keypoint Notch": [
        {
            "x": 335.49002849002846,
            "y": 274.35042735042737
        },
        {
            "x": 112.40636042402826,
            "y": 274.40636042402826
        },
        {
            "x": 355.7586206896552,
            "y": 230.58620689655172
        },
        {
            "x": 244.875,
            "y": 104.875
        }
    ],
    "OCR Numbers": "Failed",
    "Needle segmentation mask": "Failed"
}