{
    "image size": {
        "width": 2475,
        "height": 2475
    },
    "Gauge": {
        "x": 0,
        "y": 0,
        "width": 2463,
        "height": 2416
    },
    "Start Notch": {
        "x": 107.66850828729282,
        "y": 274.7348066298343
    },
    "End Notch": {
        "x": 334.0444444444444,
        "y": 273.73333333333335
    },
    "Keypoint Notch": [
        {
            "x": 334.68702290076334,
            "y": 274.21374045801525
        },
        {
            "x": 112.84408602150538,
            "y": 273.66129032258067
        },
        {
            "x": 356.0769230769231,
            "y": 230.6153846153846
        }
    ],
    "OCR Numbers": "Failed",
    "Needle segmentation mask": "Failed"
}