{
    "Ellipse fit error": 2.510303558043913,
    "OCR numbers mean lack of confidence": 0.00911899159351992,
    "Needle line residual variance": 245.6604146960279,
    "Mean residual on fitted angle line": 1.878411432642534
}