{
    "Ellipse fit error": 1.1302061280066483e-12,
    "OCR numbers mean lack of confidence": 0.04587258895238233,
    "Needle line residual variance": 245.6604146960279,
    "Mean residual on fitted angle line": 6.484864459341505
}