{
    "Ellipse fit error": 3.690509473712522,
    "OCR numbers mean lack of confidence": 0.02116994559764862,
    "Needle line residual variance": 279.1620583845587,
    "Mean residual on fitted angle line": 1.921386294287788
}