{
    "Ellipse fit error": 1.8009875172147054,
    "OCR numbers mean lack of confidence": 0.03033100813627243,
    "Needle line residual variance": 279.1620583845587,
    "Mean residual on fitted angle line": 1.9366613839915723
}