{
    "Ellipse fit error": 1.3775910471822859,
    "OCR numbers mean lack of confidence": 0.012591623266538066,
    "Needle line residual variance": 15.424652321357199,
    "Mean residual on fitted angle line": 51.501167413429414
}