{
    "Ellipse fit error": 2.5978709003271105,
    "OCR numbers mean lack of confidence": 0.020345062017440796,
    "Needle line residual variance": 279.1620583845587,
    "Mean residual on fitted angle line": 1.8231432374613945
}