{
    "Ellipse fit error": 6.301134150948752,
    "OCR numbers mean lack of confidence": 0.0029568076133728027,
    "Needle line residual variance": 298.3293788563594,
    "Mean residual on fitted angle line": 1.2333090074138633
}