{
    "Ellipse fit error": 5.217033357495999,
    "OCR numbers mean lack of confidence": 0.05015288541714347,
    "Needle line residual variance": 279.1620583845587,
    "Mean residual on fitted angle line": 1.8467358802126552
}