{
    "Ellipse fit error": 1.6219532049323226,
    "OCR numbers mean lack of confidence": 0.003990044196446774,
    "Needle line residual variance": 298.3293788563594,
    "Mean residual on fitted angle line": 1.2604660900179263
}