{
    "Ellipse fit error": 7.748557830235574e-12,
    "OCR numbers mean lack of confidence": 0.003320350533440042,
    "Needle line residual variance": 15.424652321357199,
    "Mean residual on fitted angle line": 53.39147542600006
}