{
    "image size": {
        "width": 2475,
        "height": 2475
    },
    "Gauge": {
        "x": 0,
        "y": 0,
        "width": 2463,
        "height": 2416
    },
    "Start Notch": {
        "x": 107.38461538461539,
        "y": 273.9102564102564
    },
    "End Notch": {
        "x": 332.77894736842103,
        "y": 273.38947368421054
    },
    "Keypoint Notch": [
        {
            "x": 333.1212121212121,
            "y": 273.9469696969697
        },
        {
            "x": 114.75757575757575,
            "y": 272.7878787878788
        }
    ],
    "OCR Numbers": "Failed",
    "Needle segmentation mask": "Failed"
}