{
    "Ellipse fit error": 3.046843978256498,
    "OCR numbers mean lack of confidence": 0.03811067342758179,
    "Needle line residual variance": 298.3293788563594,
    "Mean residual on fitted angle line": 1.8744813993475047
}